{
    "Algorithm": "HTKMiner_BSN",
    "Language": "python",
    "library": "Mall",
    "minSup": 0.945244055068836,
    "minSupAbsolute": 3021,
    "topK": 100,
    "totalFI": 102,
    "Rank": 71,
    "Items": 75,
    "TopK 1-itemsets": 11,
    "Runtime": 1.5451555252075195,
    "Memory": 29290496
}